filter,wave,depth,depth err,depth over err
F322W2,3.22,0.0007939,4.7e-06,170.602
F444W,4.435,0.0014619,7.1e-06,206.586
